{"cameraMode":{"drawMode":0,"name":"Shaded","section":"Shading Mode"},"sceneLighting":true,"audioPlay":false,"sceneViewState":{"showFog":true,"showMaterialUpdate":false,"showSkybox":true,"showFlares":true,"showImageEffects":true,"showParticleSystems":true},"in2DMode":false,"pivot":{"x":-2.269014596939087,"y":-1.604538083076477,"z":-3.9858365058898927},"rotation":{"x":0.10143622756004334,"y":0.5641422867774963,"z":-0.06987515836954117,"w":0.8164386749267578},"size":9.622747421264649,"orthographic":false}